{
    "$schema": "https://schema.management.azure.com/schemas/2015-01-01/deploymentParameters.json#",
    "contentVersion": "1.0.0.0",
    "parameters": {
        "virtualMachines_win_web_name": {
            "value": null
        },
        "storageAccounts_ms20532_name": {
            "value": null
        },
        "virtualMachines_ub_proxy_name": {
            "value": null
        },
        "virtualNetworks_iaas_net_name": {
            "value": null
        },
        "networkInterfaces_vm1_nic_name": {
            "value": null
        },
        "networkInterfaces_vm2_nic_name": {
            "value": null
        },
        "publicIPAddresses_vm1_nic_name": {
            "value": null
        },
        "publicIPAddresses_vm2_nic_name": {
            "value": null
        },
        "extensions_BGInfo_name": {
            "value": null
        },
        "subnets_frontendSubnet_name": {
            "value": null
        }
    }
}