{
    "$schema": "https://schema.management.azure.com/schemas/2015-01-01/deploymentTemplate.json#",
    "contentVersion": "1.0.0.0",
    "parameters": {
        "virtualMachines_win_web_name": {
            "defaultValue": "win-web",
            "type": "String"
        },
        "storageAccounts_ms20532_name": {
            "defaultValue": "ms20532",
            "type": "String"
        },
        "virtualMachines_ub_proxy_name": {
            "defaultValue": "ub-proxy",
            "type": "String"
        },
        "virtualNetworks_iaas_net_name": {
            "defaultValue": "iaas-net",
            "type": "String"
        },
        "networkInterfaces_vm1_nic_name": {
            "defaultValue": "vm1-nic",
            "type": "String"
        },
        "networkInterfaces_vm2_nic_name": {
            "defaultValue": "vm2-nic",
            "type": "String"
        },
        "publicIPAddresses_vm1_nic_name": {
            "defaultValue": "vm1-nic",
            "type": "String"
        },
        "publicIPAddresses_vm2_nic_name": {
            "defaultValue": "vm2-nic",
            "type": "String"
        },
        "extensions_BGInfo_name": {
            "defaultValue": "BGInfo",
            "type": "String"
        },
        "subnets_frontendSubnet_name": {
            "defaultValue": "frontendSubnet",
            "type": "String"
        }
    },
    "variables": {},
    "resources": [
        {
            "comments": "Generalized from resource: '/subscriptions/6ef2cbd4-1b87-4409-ab0e-403ffe9024b3/resourceGroups/automation/providers/Microsoft.Compute/virtualMachines/ub-proxy'.",
            "type": "Microsoft.Compute/virtualMachines",
            "name": "[parameters('virtualMachines_ub_proxy_name')]",
            "apiVersion": "2017-03-30",
            "location": "westeurope",
            "scale": null,
            "properties": {
                "hardwareProfile": {
                    "vmSize": "Basic_A1"
                },
                "storageProfile": {
                    "imageReference": {
                        "publisher": "Canonical",
                        "offer": "UbuntuServer",
                        "sku": "14.04.3-LTS",
                        "version": "latest"
                    },
                    "osDisk": {
                        "osType": "Linux",
                        "name": "ub-os-disk",
                        "createOption": "FromImage",
                        "vhd": {
                            "uri": "[concat('https', '://', parameters('storageAccounts_ms20532_name'), '.blob.core.windows.net', '/vhds/ub-os-disk.vhd')]"
                        },
                        "caching": "ReadWrite",
                        "diskSizeGB": 29
                    },
                    "dataDisks": []
                },
                "osProfile": {
                    "computerName": "[parameters('virtualMachines_ub_proxy_name')]",
                    "adminUsername": "jalal",
                    "linuxConfiguration": {
                        "disablePasswordAuthentication": false
                    },
                    "secrets": []
                },
                "networkProfile": {
                    "networkInterfaces": [
                        {
                            "id": "[resourceId('Microsoft.Network/networkInterfaces', parameters('networkInterfaces_vm2_nic_name'))]"
                        }
                    ]
                },
                "diagnosticsProfile": {
                    "bootDiagnostics": {
                        "enabled": true,
                        "storageUri": "[concat('https', '://', parameters('storageAccounts_ms20532_name'), '.blob.core.windows.net', '/')]"
                    }
                }
            },
            "dependsOn": [
                "[resourceId('Microsoft.Storage/storageAccounts', parameters('storageAccounts_ms20532_name'))]",
                "[resourceId('Microsoft.Network/networkInterfaces', parameters('networkInterfaces_vm2_nic_name'))]"
            ]
        },
        {
            "comments": "Generalized from resource: '/subscriptions/6ef2cbd4-1b87-4409-ab0e-403ffe9024b3/resourceGroups/automation/providers/Microsoft.Compute/virtualMachines/win-web'.",
            "type": "Microsoft.Compute/virtualMachines",
            "name": "[parameters('virtualMachines_win_web_name')]",
            "apiVersion": "2017-03-30",
            "location": "westeurope",
            "scale": null,
            "properties": {
                "hardwareProfile": {
                    "vmSize": "Basic_A1"
                },
                "storageProfile": {
                    "imageReference": {
                        "publisher": "MicrosoftWindowsServer",
                        "offer": "WindowsServer",
                        "sku": "2012-R2-Datacenter",
                        "version": "latest"
                    },
                    "osDisk": {
                        "osType": "Windows",
                        "name": "os-disk",
                        "createOption": "FromImage",
                        "vhd": {
                            "uri": "[concat('https', '://', parameters('storageAccounts_ms20532_name'), '.blob.core.windows.net', '/vhds/os-disk.vhd')]"
                        },
                        "caching": "ReadWrite",
                        "diskSizeGB": 127
                    },
                    "dataDisks": []
                },
                "osProfile": {
                    "computerName": "[parameters('virtualMachines_win_web_name')]",
                    "adminUsername": "jalal",
                    "windowsConfiguration": {
                        "provisionVMAgent": true,
                        "enableAutomaticUpdates": true
                    },
                    "secrets": []
                },
                "networkProfile": {
                    "networkInterfaces": [
                        {
                            "id": "[resourceId('Microsoft.Network/networkInterfaces', parameters('networkInterfaces_vm1_nic_name'))]"
                        }
                    ]
                },
                "diagnosticsProfile": {
                    "bootDiagnostics": {
                        "enabled": true,
                        "storageUri": "[concat('https', '://', parameters('storageAccounts_ms20532_name'), '.blob.core.windows.net', '/')]"
                    }
                }
            },
            "dependsOn": [
                "[resourceId('Microsoft.Storage/storageAccounts', parameters('storageAccounts_ms20532_name'))]",
                "[resourceId('Microsoft.Network/networkInterfaces', parameters('networkInterfaces_vm1_nic_name'))]"
            ]
        },
        {
            "comments": "Generalized from resource: '/subscriptions/6ef2cbd4-1b87-4409-ab0e-403ffe9024b3/resourceGroups/automation/providers/Microsoft.Network/networkInterfaces/vm1-nic'.",
            "type": "Microsoft.Network/networkInterfaces",
            "name": "[parameters('networkInterfaces_vm1_nic_name')]",
            "apiVersion": "2017-06-01",
            "location": "westeurope",
            "scale": null,
            "properties": {
                "provisioningState": "Succeeded",
                "resourceGuid": "1cbbaa8c-1a8c-4f39-b46e-cbd8e3c8d880",
                "ipConfigurations": [
                    {
                        "name": "ipconfig1",
                        "etag": "W/\"94a100a0-e978-4dfb-b62a-4da017733b63\"",
                        "properties": {
                            "provisioningState": "Succeeded",
                            "privateIPAddress": "10.0.1.4",
                            "privateIPAllocationMethod": "Dynamic",
                            "publicIPAddress": {
                                "id": "[resourceId('Microsoft.Network/publicIPAddresses', parameters('publicIPAddresses_vm1_nic_name'))]"
                            },
                            "subnet": {
                                "id": "[resourceId('Microsoft.Network/virtualNetworks/subnets', parameters('virtualNetworks_iaas_net_name'), parameters('subnets_frontendSubnet_name'))]"
                            },
                            "primary": true,
                            "privateIPAddressVersion": "IPv4"
                        }
                    }
                ],
                "dnsSettings": {
                    "dnsServers": [],
                    "appliedDnsServers": []
                },
                "enableAcceleratedNetworking": false,
                "enableIPForwarding": false,
                "primary": true,
                "virtualMachine": {
                    "id": "[resourceId('Microsoft.Compute/virtualMachines', parameters('virtualMachines_win_web_name'))]"
                }
            },
            "dependsOn": [
                "[resourceId('Microsoft.Network/publicIPAddresses', parameters('publicIPAddresses_vm1_nic_name'))]",
                "[resourceId('Microsoft.Network/virtualNetworks/subnets', parameters('virtualNetworks_iaas_net_name'), parameters('subnets_frontendSubnet_name'))]",
                "[resourceId('Microsoft.Compute/virtualMachines', parameters('virtualMachines_win_web_name'))]"
            ]
        },
        {
            "comments": "Generalized from resource: '/subscriptions/6ef2cbd4-1b87-4409-ab0e-403ffe9024b3/resourceGroups/automation/providers/Microsoft.Network/networkInterfaces/vm2-nic'.",
            "type": "Microsoft.Network/networkInterfaces",
            "name": "[parameters('networkInterfaces_vm2_nic_name')]",
            "apiVersion": "2017-06-01",
            "location": "westeurope",
            "scale": null,
            "properties": {
                "provisioningState": "Succeeded",
                "resourceGuid": "18ebd4e1-1639-4749-a360-12a9e20c5cb0",
                "ipConfigurations": [
                    {
                        "name": "ipconfig1",
                        "etag": "W/\"d2261403-a014-432e-9f77-d90ad0c30303\"",
                        "properties": {
                            "provisioningState": "Succeeded",
                            "privateIPAddress": "10.0.1.5",
                            "privateIPAllocationMethod": "Dynamic",
                            "publicIPAddress": {
                                "id": "[resourceId('Microsoft.Network/publicIPAddresses', parameters('publicIPAddresses_vm2_nic_name'))]"
                            },
                            "subnet": {
                                "id": "[resourceId('Microsoft.Network/virtualNetworks/subnets', parameters('virtualNetworks_iaas_net_name'), parameters('subnets_frontendSubnet_name'))]"
                            },
                            "primary": true,
                            "privateIPAddressVersion": "IPv4"
                        }
                    }
                ],
                "dnsSettings": {
                    "dnsServers": [],
                    "appliedDnsServers": []
                },
                "enableAcceleratedNetworking": false,
                "enableIPForwarding": false,
                "primary": true,
                "virtualMachine": {
                    "id": "[resourceId('Microsoft.Compute/virtualMachines', parameters('virtualMachines_ub_proxy_name'))]"
                }
            },
            "dependsOn": [
                "[resourceId('Microsoft.Network/publicIPAddresses', parameters('publicIPAddresses_vm2_nic_name'))]",
                "[resourceId('Microsoft.Network/virtualNetworks/subnets', parameters('virtualNetworks_iaas_net_name'), parameters('subnets_frontendSubnet_name'))]",
                "[resourceId('Microsoft.Compute/virtualMachines', parameters('virtualMachines_ub_proxy_name'))]"
            ]
        },
        {
            "comments": "Generalized from resource: '/subscriptions/6ef2cbd4-1b87-4409-ab0e-403ffe9024b3/resourceGroups/automation/providers/Microsoft.Network/publicIPAddresses/vm1-nic'.",
            "type": "Microsoft.Network/publicIPAddresses",
            "name": "[parameters('publicIPAddresses_vm1_nic_name')]",
            "apiVersion": "2017-06-01",
            "location": "westeurope",
            "scale": null,
            "properties": {
                "provisioningState": "Succeeded",
                "resourceGuid": "503cbda3-093d-4d54-ada2-82fe6a000b99",
                "publicIPAddressVersion": "IPv4",
                "publicIPAllocationMethod": "Dynamic",
                "idleTimeoutInMinutes": 4
            },
            "dependsOn": []
        },
        {
            "comments": "Generalized from resource: '/subscriptions/6ef2cbd4-1b87-4409-ab0e-403ffe9024b3/resourceGroups/automation/providers/Microsoft.Network/publicIPAddresses/vm2-nic'.",
            "type": "Microsoft.Network/publicIPAddresses",
            "name": "[parameters('publicIPAddresses_vm2_nic_name')]",
            "apiVersion": "2017-06-01",
            "location": "westeurope",
            "scale": null,
            "properties": {
                "provisioningState": "Succeeded",
                "resourceGuid": "03cc955f-41ed-4c03-b3e8-9775b365ccd8",
                "publicIPAddressVersion": "IPv4",
                "publicIPAllocationMethod": "Dynamic",
                "idleTimeoutInMinutes": 4
            },
            "dependsOn": []
        },
        {
            "comments": "Generalized from resource: '/subscriptions/6ef2cbd4-1b87-4409-ab0e-403ffe9024b3/resourceGroups/automation/providers/Microsoft.Network/virtualNetworks/iaas-net'.",
            "type": "Microsoft.Network/virtualNetworks",
            "name": "[parameters('virtualNetworks_iaas_net_name')]",
            "apiVersion": "2017-06-01",
            "location": "westeurope",
            "scale": null,
            "properties": {
                "provisioningState": "Succeeded",
                "resourceGuid": "0f122f9f-b8cd-46f6-ac97-1380b0f4befa",
                "addressSpace": {
                    "addressPrefixes": [
                        "10.0.0.0/16"
                    ]
                },
                "subnets": [
                    {
                        "name": "frontendSubnet",
                        "etag": "W/\"1ff16c10-ded0-475a-a1d6-32a9f8c6bcc7\"",
                        "properties": {
                            "provisioningState": "Succeeded",
                            "addressPrefix": "10.0.1.0/24"
                        }
                    }
                ],
                "virtualNetworkPeerings": []
            },
            "dependsOn": []
        },
        {
            "comments": "Generalized from resource: '/subscriptions/6ef2cbd4-1b87-4409-ab0e-403ffe9024b3/resourceGroups/automation/providers/Microsoft.Storage/storageAccounts/ms20532'.",
            "type": "Microsoft.Storage/storageAccounts",
            "sku": {
                "name": "Standard_LRS",
                "tier": "Standard"
            },
            "kind": "Storage",
            "name": "[parameters('storageAccounts_ms20532_name')]",
            "apiVersion": "2017-06-01",
            "location": "westeurope",
            "tags": {},
            "scale": null,
            "properties": {
                "encryption": {
                    "keySource": "Microsoft.Storage",
                    "services": {
                        "blob": {
                            "enabled": true
                        },
                        "file": {
                            "enabled": true
                        }
                    }
                },
                "supportsHttpsTrafficOnly": false
            },
            "dependsOn": []
        },
        {
            "comments": "Generalized from resource: '/subscriptions/6ef2cbd4-1b87-4409-ab0e-403ffe9024b3/resourceGroups/automation/providers/Microsoft.Compute/virtualMachines/win-web/extensions/BGInfo'.",
            "type": "Microsoft.Compute/virtualMachines/extensions",
            "name": "[concat(parameters('virtualMachines_win_web_name'), '/', parameters('extensions_BGInfo_name'))]",
            "apiVersion": "2017-03-30",
            "location": "westeurope",
            "scale": null,
            "properties": {
                "publisher": "Microsoft.Compute",
                "type": "[parameters('extensions_BGInfo_name')]",
                "typeHandlerVersion": "2.1",
                "autoUpgradeMinorVersion": true
            },
            "dependsOn": [
                "[resourceId('Microsoft.Compute/virtualMachines', parameters('virtualMachines_win_web_name'))]"
            ]
        },
        {
            "comments": "Generalized from resource: '/subscriptions/6ef2cbd4-1b87-4409-ab0e-403ffe9024b3/resourceGroups/automation/providers/Microsoft.Network/virtualNetworks/iaas-net/subnets/frontendSubnet'.",
            "type": "Microsoft.Network/virtualNetworks/subnets",
            "name": "[concat(parameters('virtualNetworks_iaas_net_name'), '/', parameters('subnets_frontendSubnet_name'))]",
            "apiVersion": "2017-06-01",
            "scale": null,
            "properties": {
                "provisioningState": "Succeeded",
                "addressPrefix": "10.0.1.0/24"
            },
            "dependsOn": [
                "[resourceId('Microsoft.Network/virtualNetworks', parameters('virtualNetworks_iaas_net_name'))]"
            ]
        }
    ]
}