{
    "$schema": "https://schema.management.azure.com/schemas/2015-01-01/deploymentParameters.json#",
    "contentVersion": "1.0.0.0",
    "parameters": {
        "serverName": {
            "value": "ms20532"
        },
        "administratorLogin": {
            "value": "jalal"
        },
        "administratorLoginPassword": {
            "value": null
        },
        "databaseUsername": {
            "value": "jalal"
        },
        "databasePassword": {
            "value": null
        },
        "databaseName": {
            "value": "EventsContextDB"
        },
        "edition": {
            "value": "Free"
        },
        "collation": {
            "value": "SQL_Latin1_General_CP1_CI_AS"
        },
        "maxSizeBytes": {
            "value": "33554432"
        },
        "requestedServiceObjectiveId": {
            "value": "6aa3bb3e-7f50-40d6-95ef-5497c30d99d8"
        },
        "serverLocation": {
            "value": "westeurope"
        },
        "name": {
            "value": "ms20532-lab03"
        },
        "hostingPlanName": {
            "value": "FREE-PLAN-North-Europe"
        },
        "hostingEnvironment": {
            "value": ""
        },
        "location": {
            "value": "North Europe"
        },
        "sku": {
            "value": "Free"
        },
        "workerSize": {
            "value": "0"
        },
        "serverFarmResourceGroup": {
            "value": "20532"
        },
        "skuCode": {
            "value": "F1"
        },
        "subscriptionId": {
            "value": "a22beb2b-b84a-4811-a34f-8eda7bdaaae5"
        }
    }
}